,ra,dec,psfmag_i,mjd_i,run
4.07518774,14.65894466,0.73959029,21.477007,5.43653463E4,6982
4.05023017,14.65896674,0.73955466,21.39455,5.44032763E4,7106
4.56747778,14.65878949,0.7396197,21.292032,5.40003224E4,6383
4.85671877,14.65869806,0.73964605,21.296057,5.40253595E4,6461
4.25474223,14.65889614,0.73957749,21.374397,5.43863581E4,7054
4.10775058,14.65894764,0.73955875,21.462946,5.44212746E4,7170
9.45497705,14.65752503,0.73912055,21.434248,5.22532254E4,2768
16.81664956,14.6564825,0.74307412,21.262138,5.36373104E4,5633
16.85542793,14.65645929,0.74306386,21.249277,5.36663688E4,5765
16.81592378,14.65647453,0.74306467,21.209845,5.36682882E4,5770
16.76960465,14.65650642,0.74308156,21.39628,5.36702928E4,5781
9.48343171,14.6574951,0.73918392,21.429779,5.37042509E4,5918
9.87990835,14.6573376,0.7393332,21.005239,5.40582733E4,6577
10.09229914,14.65726115,0.73940075,21.18018,5.4433274E4,7202
16.83611163,14.65650265,0.74310518,21.37093,5.36732609E4,5792
16.90182872,14.65646872,0.74309431,21.231493,5.36772789E4,5813
16.73827532,14.65648874,0.74304814,21.32703,5.37042509E4,5918
16.74627186,14.65651227,0.74307839,21.215672,5.39893466E4,6314
16.60462937,14.65655293,0.74306495,21.180988,5.39953615E4,6362
16.63109689,14.65653791,0.74305908,21.370155,5.40003224E4,6383
16.6603587,14.65650781,0.74303709,21.300842,5.40073723E4,6414
16.6175915,14.65657521,0.74309519,21.204296,5.40092963E4,6421
16.58425039,14.65654737,0.74305014,21.414116,5.40113605E4,6430
10.91610779,14.65714807,0.73896927,21.275114,5.40253595E4,6461
16.31366575,14.65659244,0.74298759,21.038984,5.40253595E4,6461
16.63787934,14.65653666,0.74306052,21.402315,5.402929E4,6474
16.6485755,14.65653084,0.74305842,21.240992,5.4031277E4,6484
16.52974653,14.65655647,0.74303758,21.385937,5.40392797E4,6513
16.67761097,14.65651985,0.74305814,21.397635,5.40412504E4,6524
16.57506935,14.65654993,0.74304918,21.36269,5.40482743E4,6533
25.25203159,14.66216292,0.73332729,21.302145,5.10753398E4,94
18.78968821,14.65593155,0.74326989,21.436058,5.10753398E4,94
25.24533457,14.66214738,0.73332422,21.442659,5.21963589E4,2650
17.86099521,14.65618297,0.74316987,21.202459,5.21963589E4,2650
25.59406736,14.6576006,0.73330759,12.504347,5.21973531E4,2662
25.36677724,14.66213707,0.73328551,21.479963,5.21973531E4,2662
18.02712995,14.65617273,0.74322953,21.43737,5.21973531E4,2662
25.65457102,14.65757328,0.73329957,12.573577,5.22073254E4,2677
25.54608052,14.65778292,0.73325905,18.459557,5.22073254E4,2677
25.11935165,14.66209388,0.73334393,21.288479,5.22252034E4,2708
17.95803883,14.6561569,0.74318066,21.204023,5.22252034E4,2708
25.65126643,14.65757827,0.73329874,12.51644,5.22312394E4,2728
17.91118594,14.65618342,0.74319218,21.364094,5.22312394E4,2728
25.34262353,14.66221688,0.7333185,21.290403,5.22532254E4,2768
16.70252283,14.65652417,0.7430735,20.988836,5.40522786E4,6552
16.47913035,14.65656922,0.74303077,21.386993,5.4060295E4,6584
16.68626443,14.65651655,0.74305803,21.282318,5.40632636E4,6600
16.41271959,14.65661999,0.74305986,21.26585,5.43483573E4,6934
16.45390549,14.6566101,0.74306598,21.379297,5.43653463E4,6982
16.51307692,14.65657573,0.7430523,21.404816,5.4381366E4,7034
16.40071612,14.65661489,0.74304924,21.245861,5.43843725E4,7047
16.3360122,14.65662324,0.74303164,21.329264,5.43863581E4,7054
16.3800006,14.65659755,0.74302123,21.235241,5.43933481E4,7080
16.20358832,14.65662947,0.74298336,21.318069,5.43962293E4,7095
16.37186054,14.65660006,0.74302064,21.139668,5.44032763E4,7106
16.43168896,14.65659435,0.74303922,21.41128,5.44043336E4,7112
16.34070975,14.65662653,0.74303726,21.277437,5.44053316E4,7117
16.42900381,14.65660653,0.7430517,21.215462,5.440627E4,7121
16.36256727,14.65661849,0.7430374,21.257517,5.44122731E4,7140
16.25887876,14.65663597,0.74301375,21.321463,5.44162688E4,7155
16.26723019,14.65663963,0.74302129,21.08596,5.44212746E4,7170
16.14238883,14.65666713,0.74300001,21.243082,5.44232511E4,7177
17.88736358,14.65615875,0.74315204,21.160213,5.22532254E4,2768
25.5570482,14.65757382,0.73332819,12.513917,5.25573473E4,3384
25.0272709,14.66209179,0.73337009,21.364567,5.25573473E4,3384
17.68144357,14.6562424,0.74316319,21.396303,5.25573473E4,3384
25.08708612,14.66207998,0.73334896,21.422493,5.25782433E4,3437
17.61344222,14.65627012,0.74316671,21.452219,5.25782433E4,3437
25.64496432,14.65759495,0.7332946,12.510299,5.29083219E4,4128
24.85952256,14.6620397,0.73340264,21.481895,5.29083219E4,4128
17.47746711,14.65630786,0.74315277,21.450203,5.29083219E4,4128
25.55114202,14.65760876,0.73331734,12.593897,5.29342539E4,4198
24.97220761,14.66206861,0.73337884,21.095249,5.29342539E4,4198
17.31965723,14.6563284,0.74310926,21.314928,5.29342539E4,4198
25.6301624,14.65760297,0.7332961,12.515031,5.29362496E4,4207
24.95925545,14.66202429,0.73336892,21.49054,5.29362496E4,4207
17.38297225,14.65633439,0.74314339,21.346819,5.29362496E4,4207
25.70666934,14.657608,0.73327174,13.910939,5.32703136E4,4849
24.85195056,14.66208391,0.73341867,21.392525,5.32703136E4,4849
17.03650262,14.65642368,0.74309957,21.276268,5.32703136E4,4849
25.61135745,14.65760948,0.73329932,12.497989,5.32723636E4,4858
17.19080964,14.65639219,0.74312868,21.333946,5.32723636E4,4858
25.67546027,14.65759725,0.73328478,12.949742,5.32863325E4,4868
25.67955865,14.65759419,0.73328467,12.514621,5.3288291E4,4874
25.0149609,14.6620517,0.73336115,21.221745,5.3288291E4,4874
17.2777641,14.6563826,0.74315446,21.42285,5.3288291E4,4874
25.67597536,14.6576098,0.73328015,12.477735,5.32943386E4,4895
25.01822089,14.66197136,0.73333591,21.273886,5.32943386E4,4895
17.17398801,14.65639158,0.74312084,21.24708,5.32943386E4,4895
25.68201156,14.65760707,0.73327934,12.514431,5.32962855E4,4899
25.15339641,14.66207334,0.7333276,20.766325,5.32962855E4,4899
17.16183788,14.65637971,0.74310188,21.474613,5.32962855E4,4899
25.67968516,14.6575951,0.7332843,12.509745,5.33022865E4,4917
25.44671439,14.65783722,0.73327042,17.561491,5.33022865E4,4917
17.13765077,14.65642133,0.74313962,21.341084,5.33022865E4,4917
25.18109265,14.6620671,0.73331761,21.172722,5.33122422E4,4927
17.15286312,14.6564197,0.74314417,21.149494,5.33122422E4,4927
25.67517878,14.65759401,0.73328602,12.478822,5.33142435E4,4933
24.95443103,14.66214624,0.73340879,21.198095,5.33142435E4,4933
17.07724793,14.65644659,0.74314292,21.405355,5.33142435E4,4933
24.97672976,14.66201788,0.7333619,21.153021,5.36163475E4,5566
25.69401861,14.65757588,0.73328698,12.540144,5.36263241E4,5603
24.87034088,14.66205573,0.73340447,21.453997,5.36263241E4,5603
25.66078643,14.65758339,0.73329408,12.520115,5.36283091E4,5610
25.24859913,14.66209298,0.73330602,21.365202,5.36283091E4,5610
17.07534956,14.65643397,0.74312779,21.342972,5.36283091E4,5610
25.70745018,14.65757578,0.73328305,12.508978,5.36353174E4,5622
17.02607654,14.65643769,0.74311126,21.25807,5.36353174E4,5622
25.69411567,14.65759881,0.73327872,12.548817,5.36373104E4,5633
25.21107485,14.66208764,0.73331527,21.162605,5.36373104E4,5633
16.95707398,14.65644724,0.74309304,21.366543,5.36393561E4,5642
25.6993892,14.65757569,0.73328546,12.505791,5.36543378E4,5709
24.94374821,14.66207336,0.73338861,21.407854,5.36543378E4,5709
16.94445484,14.65645608,0.74309785,21.245207,5.36543378E4,5709
25.16273726,14.66220647,0.73336769,21.091761,5.36632987E4,5744
16.93250239,14.65645051,0.7430864,21.245039,5.36632987E4,5744
16.93740339,14.65643408,0.7430695,21.407585,5.36652766E4,5759
25.28522799,14.66222226,0.73333709,21.176693,5.36682882E4,5770
24.89207485,14.66205239,0.7333971,21.27383,5.36702928E4,5781
21.49492828,14.66308754,0.7348893,21.479712,5.36702928E4,5781
25.67015151,14.65759846,0.73328591,12.510205,5.36732609E4,5792
24.96370186,14.66210741,0.73339357,21.414532,5.36732609E4,5792
25.65306719,14.65760205,0.73328967,12.500083,5.36752577E4,5800
25.05003085,14.66206112,0.73335387,21.200539,5.36752577E4,5800
16.90536429,14.65646041,0.74308629,21.360912,5.36752577E4,5800
25.66691523,14.65759471,0.73328821,12.507027,5.36772789E4,5813
25.71944141,14.65758723,0.73327539,15.068538,0,206
29.44469902,14.66812377,0.7390446,20.719784,0,206
36.57594369,14.6500888,0.74223828,20.459654,0,206
25.71797352,14.65758046,0.73327825,13.753023,5.10753398E4,94
36.52640171,14.65010234,0.74223574,20.385307,5.10753398E4,94
29.58999107,14.66816108,0.73901663,20.553049,5.10753398E4,94
25.71498527,14.65756969,0.73328303,12.512686,5.21963589E4,2650
29.40436415,14.66811046,0.73902754,20.511784,5.21963589E4,2650
36.58286502,14.65008661,0.74223731,20.430908,5.21963589E4,2650
29.26712119,14.66807676,0.73906744,20.728003,5.21973531E4,2662
36.54628289,14.65009072,0.7422092,20.455532,5.21973531E4,2662
25.8942807,14.65729598,0.73333467,18.358561,5.22073254E4,2677
26.24636547,14.65706039,0.73332813,20.266003,5.22073254E4,2677
36.62265933,14.65007924,0.74225478,20.615484,5.22073254E4,2677
29.425298,14.66811651,0.73902915,20.907703,5.22073259E4,2677
25.87864718,14.65750275,0.73325912,12.513259,5.22252034E4,2708
36.61900884,14.65006925,0.74220573,20.440468,5.22252034E4,2708
29.52240283,14.66814169,0.73901262,20.630136,5.22252034E4,2708
29.46020112,14.66812454,0.73901475,20.920523,5.22312394E4,2728
36.54267223,14.65009871,0.7422402,20.553465,5.22312394E4,2728
25.72962081,14.65759071,0.73327114,12.525197,5.22532254E4,2768
29.66730031,14.66818439,0.73903062,20.545237,5.22532254E4,2768
36.59793511,14.65007648,0.74221125,20.311573,5.22532254E4,2768
41.11863086,14.64885765,0.74251541,21.44713,5.22532254E4,2768
29.59416625,14.66816074,0.73900418,20.587879,5.25573473E4,3384
36.57112011,14.65008796,0.74222842,20.450111,5.25573473E4,3384
25.85001451,14.65756756,0.73324392,12.514335,5.25782433E4,3437
36.51811629,14.65009833,0.74220738,20.42856,5.25782433E4,3437
29.40176231,14.66810915,0.73902275,20.667131,5.25782433E4,3437
36.58360933,14.65008266,0.74222068,20.441505,5.29083219E4,4128
29.56133795,14.66815368,0.73902171,20.726955,5.29083219E4,4128
26.37452622,14.65722341,0.73322019,15.699897,5.29342539E4,4198
29.4421307,14.66812282,0.73904268,20.438108,5.29342539E4,4198
36.44888941,14.65011335,0.74218627,20.242348,5.29342539E4,4198
29.5005463,14.66814025,0.73905195,20.721701,5.29362496E4,4207
36.46974113,14.65011457,0.74221841,20.438242,5.29362496E4,4207
36.53293602,14.65010036,0.7422352,20.41283,5.32703136E4,4849
29.49270434,14.66813528,0.73902841,20.682026,5.32703136E4,4849
36.51752363,14.6501085,0.74225174,20.529768,5.32723636E4,4858
29.64272332,14.66817944,0.73904707,20.808619,5.32723636E4,4858
29.23681889,14.66806548,0.73904345,21.089014,5.32863325E4,4868
36.76246478,14.65003695,0.74224388,20.728111,5.32863325E4,4868
36.77790705,14.65003932,0.74227373,20.338579,5.3288291E4,4874
29.65029301,14.66817712,0.73900972,20.566925,5.3288291E4,4874
36.53288044,14.65009988,0.74223301,20.33201,5.32943386E4,4895
29.48712903,14.66813727,0.73905858,20.635981,5.32943386E4,4895
29.57715742,14.66816191,0.739054,20.432003,5.32962855E4,4899
36.4599139,14.65011113,0.74219045,20.200794,5.32962855E4,4899
25.720005,14.65759785,0.73327143,14.103274,5.32983352E4,4905
29.53706422,14.66814587,0.73901324,20.784115,5.32983352E4,4905
36.75339446,14.65004795,0.7422809,20.631987,5.32983352E4,4905
36.60904541,14.65008375,0.74225758,20.5233,5.33022865E4,4917
29.51230831,14.66814299,0.73904725,20.88336,5.33022865E4,4917
25.79802757,14.65756789,0.73325915,14.261664,5.33122422E4,4927
25.83421832,14.65730099,0.73335064,12.965427,5.33122422E4,4927
29.43540809,14.66811873,0.73902413,20.343769,5.33122422E4,4927
36.49707273,14.65009887,0.74218281,20.408697,5.33122422E4,4927
29.67008633,14.66818449,0.73902497,20.453959,5.33142435E4,4933
36.54152114,14.65009302,0.74221341,20.388453,5.33142435E4,4933
40.94538513,14.64890683,0.7425147,21.475555,5.33142435E4,4933
25.82722356,14.65758837,0.73324318,12.569261,5.36163475E4,5566
36.63861208,14.65006219,0.74219902,20.363214,5.36163475E4,5566
29.36898217,14.66810312,0.73904908,20.584044,5.36163479E4,5566
36.57214954,14.65009721,0.74227046,20.45368,5.36263241E4,5603
29.27175829,14.66807589,0.73904883,20.877119,5.36263241E4,5603
26.75116457,14.65736436,0.73305216,18.180712,5.36283091E4,5610
36.43429379,14.65011043,0.74215408,20.345896,5.36283091E4,5610
29.40421916,14.6681152,0.73906825,20.613831,5.36283091E4,5610
36.60843981,14.65007389,0.74221307,20.615683,5.36353174E4,5622
25.68850321,14.65758237,0.73328627,12.50305,5.36802654E4,5823
16.94757629,14.65644779,0.74308965,21.334572,5.36802654E4,5823
24.67422324,14.66203831,0.7334561,21.364582,5.36932676E4,5878
16.95559217,14.65643697,0.74308058,21.343903,5.36932676E4,5878
25.63371879,14.65757529,0.733305,12.523888,5.3698265E4,5898
24.9590191,14.66210072,0.7333928,21.379889,5.3698265E4,5898
17.00189769,14.65644827,0.74311315,21.444124,5.3698265E4,5898
25.27982519,14.66208659,0.73329494,21.378885,5.37042509E4,5918
25.63898074,14.65759196,0.73329744,12.521947,5.39893466E4,6314
25.03719357,14.65857279,0.73319322,20.765268,5.39893466E4,6314
25.50625564,14.65763759,0.73332032,12.488536,5.39953615E4,6362
25.62272234,14.65751871,0.73332902,17.511154,5.39953615E4,6362
25.08786219,14.66211354,0.73335933,21.448097,5.39953615E4,6362
25.68871448,14.65759383,0.73328209,12.502178,5.40003224E4,6383
25.16849129,14.66183435,0.73325365,20.779526,5.40003224E4,6383
24.52588371,14.65776597,0.7335639,12.519728,5.4006269E4,6409
25.61441372,14.65760966,0.73329835,13.129112,5.40073723E4,6414
24.79274407,14.66198948,0.7334067,20.97167,5.40073723E4,6414
21.88786225,14.66304026,0.73473461,21.413271,5.40073723E4,6414
25.60533232,14.65757697,0.73331278,12.540963,5.40092963E4,6421
24.73596728,14.6620265,0.73343448,21.310781,5.40092963E4,6421
25.49764474,14.65806843,0.73318575,17.185244,5.40253595E4,6461
25.03894613,14.66217865,0.7333947,21.395802,5.40253595E4,6461
25.69979062,14.6575457,0.73329625,12.535628,5.40253595E4,6461
25.67497747,14.6575807,0.73329086,12.585128,5.402929E4,6474
25.04765968,14.66205424,0.73335243,21.177078,5.402929E4,6474
25.70756421,14.6575858,0.73327941,12.518137,5.4031277E4,6484
25.12395902,14.66215216,0.7333612,21.331875,5.4031277E4,6484
25.10992577,14.66204072,0.73333018,20.855583,5.40362818E4,6504
25.68685286,14.65760823,0.7332775,12.511072,5.40392797E4,6513
25.11899384,14.66199165,0.73331274,21.221161,5.40392797E4,6513
25.67417708,14.65758573,0.73328929,12.509547,5.40412504E4,6524
25.17186874,14.66217323,0.73335406,21.4557,5.40482743E4,6533
25.70541418,14.65759886,0.73327537,12.499025,5.40522786E4,6552
24.70639838,14.66217078,0.73348941,21.394423,5.40522786E4,6552
25.45210559,14.65782777,0.73327189,13.050132,5.40552746E4,6564
24.65165206,14.66190424,0.73342237,21.152985,5.40552746E4,6564
25.63189204,14.65761868,0.73328999,12.508063,5.40582733E4,6577
24.77791646,14.66212537,0.73345356,21.02487,5.40582733E4,6577
25.15353954,14.66207707,0.73332872,21.486696,5.40632636E4,6600
25.63407463,14.65759917,0.7332963,12.52142,5.43483573E4,6934
25.05613898,14.66212776,0.73337312,21.408499,5.43483573E4,6934
25.64786979,14.65763482,0.73327958,12.473666,5.43593071E4,6963
25.62835681,14.65762023,0.73329048,12.513315,5.43653463E4,6982
25.67548237,14.65758876,0.73328781,12.51727,5.4381366E4,7034
24.80187916,14.66211582,0.73344348,21.334543,5.43843725E4,7047
24.14561005,14.66209385,0.73362804,21.029655,5.43863581E4,7054
24.94445749,14.66210897,0.73339968,21.214146,5.43933485E4,7080
20.78157816,14.66154273,0.73443727,20.931768,5.43962297E4,7095
25.15286513,14.66211314,0.73334025,21.246597,5.44032763E4,7106
25.14470445,14.66204304,0.73332079,21.240627,5.44043336E4,7112
25.0980897,14.66214323,0.73336586,21.324009,5.44053316E4,7117
25.59478707,14.65760641,0.7333053,12.520745,5.440627E4,7121
24.92302433,14.66204296,0.73338518,21.366011,5.440627E4,7121
24.91664552,14.66203462,0.73338447,21.482946,5.44122731E4,7140
24.98654341,14.66216535,0.73340565,21.369417,5.44212746E4,7170
25.5660204,14.65761689,0.73331005,12.448799,5.44312786E4,7195
25.69388212,14.65757442,0.73328755,12.507601,5.44322666E4,7199
25.66485535,14.65759388,0.73328912,12.519397,5.4433274E4,7202
57.45565734,14.64569416,0.73292219,15.663647,0,206
53.90417567,14.64752493,0.73171746,18.61022,0,206
42.78218627,14.65050375,0.73285407,21.398979,0,206
57.92086848,14.67416739,0.74762752,20.439558,0,206
48.13285698,14.64996748,0.74883905,21.056065,0,206
52.40335175,14.64987256,0.75045675,21.02696,0,206
41.6738447,14.65484113,0.7503632,20.084106,0,206
57.3025035,14.65515077,0.75516085,20.981571,0,206
53.94975138,14.6475276,0.73169059,18.642994,5.10753398E4,94
57.5632652,14.6456768,0.73288991,15.695023,5.10753398E4,94
47.83138134,14.64997066,0.74871552,20.984863,5.10753398E4,94
52.46059922,14.64987656,0.75048274,21.062531,5.10753398E4,94
42.93401269,14.65053315,0.73274564,21.436058,5.10753398E4,94
41.48003131,14.65488037,0.75032258,20.044641,5.10753398E4,94
57.89909141,14.67417372,0.74760297,20.445225,5.10753398E4,94
57.30896052,14.65515589,0.75516437,20.97789,5.10753398E4,94
57.57392312,14.64567267,0.73289156,15.661686,5.21963589E4,2650
53.99419279,14.64751291,0.73169037,18.585659,5.21963589E4,2650
42.77555626,14.6505588,0.73278454,21.265064,5.21963589E4,2650
41.69793144,14.65483406,0.75036715,20.032312,5.21963589E4,2650
57.87662692,14.674164,0.74760788,20.472845,5.21963589E4,2650
52.54883981,14.64984794,0.75048917,20.875919,5.21963589E4,2650
48.17417607,14.64998095,0.74887163,20.949661,5.21963589E4,2650
57.14830974,14.65513959,0.75511229,20.920767,5.21963589E4,2650
57.45613771,14.64569543,0.73291934,15.656347,5.21973531E4,2662
53.87149781,14.64753553,0.73171792,18.597321,5.21973531E4,2662
42.98640026,14.65046327,0.73281354,21.405653,5.21973531E4,2662
57.94395005,14.67417732,0.7476226,20.436562,5.21973531E4,2662
52.308384,14.64991982,0.75046572,20.937368,5.21973531E4,2662
48.13902418,14.64995712,0.74882988,20.98419,5.21973531E4,2662
41.6706034,14.65487005,0.75037654,20.039968,5.21973531E4,2662
57.32588374,14.65515374,0.75516862,20.903488,5.21973531E4,2662
57.51974096,14.64568262,0.73290539,15.687577,5.22073254E4,2677
53.93717067,14.64752375,0.73170267,18.623549,5.22073254E4,2677
41.59800463,14.65481947,0.75032883,20.081169,5.22073254E4,2677
48.18412894,14.64993028,0.74881829,21.114832,5.22073254E4,2677
52.33911919,14.64987827,0.75043743,21.166557,5.22073254E4,2677
57.23801245,14.65514579,0.75514045,21.245087,5.22073254E4,2677
57.88481468,14.67416425,0.74761221,20.466745,5.22073259E4,2677
57.55122836,14.64567308,0.73290493,15.64926,5.22252034E4,2708
53.98381245,14.64750934,0.73170094,18.585234,5.22252034E4,2708
41.64790518,14.65483396,0.75035157,20.046875,5.22252034E4,2708
42.92581825,14.6504724,0.73282939,21.318264,5.22252034E4,2708
59.83776545,14.65558212,0.72397617,21.434311,5.22252034E4,2708
57.89931412,14.67416833,0.74761314,20.440468,5.22252034E4,2708
52.38883939,14.64985427,0.75043339,20.92333,5.22252034E4,2708
48.04825026,14.64999662,0.74883655,21.045843,5.22252034E4,2708
57.25145614,14.65509331,0.75512745,20.883469,5.22252034E4,2708
57.54178823,14.64567597,0.732905,15.67844,5.22312394E4,2728
53.97135496,14.64751492,0.7316988,18.615414,5.22312394E4,2728
42.89163502,14.65048998,0.73282184,21.468172,5.22312394E4,2728
41.65090832,14.65483315,0.7503521,20.108011,5.22312394E4,2728
57.87187559,14.67415821,0.74761586,20.457623,5.22312394E4,2728
52.43992108,14.64988661,0.75048445,21.096786,5.22312394E4,2728
48.0038911,14.64999063,0.74881113,21.229052,5.22312394E4,2728
57.19406844,14.65514564,0.75512758,21.104746,5.22312394E4,2728
57.50588849,14.64569197,0.7328952,15.661197,5.22532254E4,2768
53.94022426,14.64752683,0.73169652,18.595171,5.22532254E4,2768
42.8363136,14.65048381,0.73285558,21.188055,5.22532254E4,2768
41.52614161,14.65486865,0.75033106,20.061804,5.22532254E4,2768
59.98361276,14.65551327,0.72395324,21.075644,5.22532254E4,2768
57.94103117,14.67419629,0.74758549,20.513292,5.22532254E4,2768
52.27078448,14.64988511,0.75041763,20.925262,5.22532254E4,2768
47.79862175,14.65001194,0.74874899,21.002964,5.22532254E4,2768
57.21393948,14.65517045,0.75514131,21.04578,5.22532254E4,2768
57.42957184,14.64570397,0.7329187,15.660917,5.25573473E4,3384
53.86725949,14.64753862,0.73171539,18.587891,5.25573473E4,3384
59.58830585,14.6555239,0.7240643,21.268274,5.25573473E4,3384
57.95292206,14.67417904,0.74762466,20.424149,5.25573473E4,3384
52.37668565,14.6498578,0.75043211,20.969816,5.25573473E4,3384
48.14106335,14.64998969,0.74886763,21.106216,5.25573473E4,3384
42.79533599,14.6505139,0.73283455,21.450815,5.25573473E4,3384
41.6333757,14.65485601,0.75035804,20.154449,5.25573473E4,3384
57.31644689,14.65513402,0.75515955,21.035545,5.25573473E4,3384
57.45440958,14.64569645,0.73291834,15.658335,5.25782433E4,3437
53.88715634,14.64753312,0.73171368,18.603308,5.25782433E4,3437
42.76415366,14.65046389,0.73291575,21.376883,5.25782433E4,3437
41.65071229,14.65484868,0.75035978,20.091917,5.25782433E4,3437
59.91082561,14.65550455,0.72397667,21.343151,5.25782433E4,3437
57.27333334,14.65517317,0.75515949,20.943335,5.25782433E4,3437
57.90097653,14.67417326,0.74760493,20.424566,5.25782433E4,3437
52.23214537,14.6498953,0.75041256,21.034966,5.25782433E4,3437
48.07538595,14.65000867,0.74886154,21.080757,5.25782433E4,3437
57.45311393,14.645699,0.73291402,15.681298,5.29083219E4,4128
53.90284124,14.6475332,0.7317057,18.62627,5.29083219E4,4128
57.94648154,14.67418214,0.74761511,20.404558,5.29083219E4,4128
41.6484456,14.65484474,0.75035712,20.127853,5.29083219E4,4128
52.3145497,14.6498996,0.75044858,21.09963,5.29083219E4,4128
47.92618182,14.64996858,0.74875322,21.202074,5.29083219E4,4128
57.23799938,14.65517966,0.75515126,21.02099,5.29083219E4,4128
57.49478986,14.64569161,0.73290286,15.647897,5.29342539E4,4198
53.93345996,14.64752816,0.7316979,18.570871,5.29342539E4,4198
42.95513917,14.65052571,0.7327457,21.227518,5.29342539E4,4198
57.89675564,14.67417037,0.74760783,20.443102,5.29342539E4,4198
52.28336856,14.64985994,0.75039802,20.85121,5.29342539E4,4198
47.84945136,14.65003979,0.74880201,20.96382,5.29342539E4,4198
41.40572571,14.65060047,0.7466295,21.489418,5.29342539E4,4198
41.40742837,14.65487851,0.75029914,20.016535,5.29342539E4,4198
57.2394983,14.65516218,0.75514612,20.787397,5.29342539E4,4198
57.41650458,14.64570338,0.73292808,15.65903,5.29362496E4,4207
53.85445581,14.64753736,0.7317237,18.594004,5.29362496E4,4207
42.74414247,14.65051779,0.732853,21.434084,5.29362496E4,4207
52.48175496,14.64988677,0.75050075,20.963953,5.29362496E4,4207
48.19377964,14.64997893,0.74887756,21.16502,5.29362496E4,4207
41.64017899,14.65485363,0.75035897,20.068632,5.29362496E4,4207
59.9828068,14.65552904,0.72394907,21.398399,5.29362496E4,4207
57.95518104,14.67417944,0.74762525,20.552057,5.29362496E4,4207
57.36667821,14.65516133,0.75518294,20.980886,5.29362496E4,4207
57.41332092,14.64571177,0.73291315,15.649582,5.32703136E4,4849
53.86898724,14.64754128,0.73171052,18.576113,5.32703136E4,4849
42.79131313,14.65052307,0.73282428,21.26112,5.32703136E4,4849
57.92930639,14.67417768,0.74761333,20.497683,5.32703136E4,4849
41.57282131,14.65486215,0.75034231,20.085793,5.32703136E4,4849
48.01619352,14.65002255,0.74885241,21.009398,5.32703136E4,4849
52.29689163,14.64987538,0.75041828,21.065432,5.32703136E4,4849
57.26484534,14.65518495,0.75516076,21.03981,5.32703136E4,4849
57.37115888,14.64571461,0.7329338,15.633756,5.32723636E4,4858
53.82149743,14.64754521,0.73172844,18.566114,5.32723636E4,4858
29.23094558,14.66806127,0.73902202,20.89646,5.36353174E4,5622
29.60504061,14.66816963,0.73905332,20.748972,5.36373104E4,5633
36.42637439,14.65012735,0.74222032,20.393749,5.36373104E4,5633
36.57380652,14.6500923,0.74225101,20.527594,5.36393557E4,5642
25.70890454,14.65758677,0.73327867,12.519034,5.36393561E4,5642
29.42206199,14.66811891,0.73905719,20.768995,5.36393561E4,5642
36.58362733,14.65008784,0.74224371,20.499098,5.36543378E4,5709
29.35677305,14.66809881,0.73904154,20.765152,5.36543378E4,5709
25.70947479,14.65758272,0.73327995,12.485268,5.36632987E4,5744
36.66459707,14.65006173,0.74223014,20.451363,5.36632987E4,5744
29.49964989,14.66813949,0.73904758,20.637394,5.36632987E4,5744
25.73868,14.65757953,0.73327248,12.621442,5.36652766E4,5759
36.6152989,14.65007208,0.74221368,20.776096,5.36652766E4,5759
29.45229243,14.66812704,0.73905439,20.921158,5.36652766E4,5759
36.64616747,14.65007359,0.7422594,20.360186,5.36663684E4,5765
25.77654342,14.65758541,0.73325919,12.512501,5.36663688E4,5765
29.35144475,14.66809835,0.73905031,20.617916,5.36663688E4,5765
25.72328867,14.65759203,0.73327253,12.514279,5.36682882E4,5770
29.44862289,14.66812656,0.73905913,20.469049,5.36682882E4,5770
36.80288701,14.65002014,0.74222019,20.352861,5.36682882E4,5770
25.7356283,14.65762412,0.7332575,12.57712,5.36702928E4,5781
29.48800011,14.66813542,0.73904066,20.542599,5.36702928E4,5781
36.65503413,14.65007016,0.74225543,20.268911,5.36702928E4,5781
36.6499545,14.65007488,0.74226981,20.535269,5.36732609E4,5792
29.52049445,14.66814431,0.73903896,20.78504,5.36732609E4,5792
29.40172772,14.66811283,0.73905379,20.679897,5.36752577E4,5800
36.7382599,14.65004904,0.74226683,20.364914,5.36752577E4,5800
36.60770797,14.65008035,0.74224089,20.492191,5.36772789E4,5813
29.40574248,14.66811439,0.73905757,20.907652,5.36772789E4,5813
36.55677117,14.65009345,0.74223469,20.509981,5.36802654E4,5823
29.45788541,14.66812688,0.73903972,20.902317,5.36802654E4,5823
25.71131372,14.65758661,0.73327801,12.509851,5.36932676E4,5878
36.52734442,14.65010539,0.74225037,20.41889,5.36932676E4,5878
29.42801566,14.66812366,0.73908414,20.569908,5.36932676E4,5878
29.33863247,14.668097,0.73906951,20.659338,5.3698265E4,5898
36.76290575,14.65004542,0.74228169,20.452238,5.3698265E4,5898
25.7173371,14.6575618,0.73328519,12.522814,5.37042509E4,5918
36.50569994,14.65010262,0.74221074,20.334356,5.37042509E4,5918
29.47273592,14.66813106,0.73903995,20.443829,5.37042509E4,5918
36.64292899,14.65007966,0.74228187,20.45965,5.39893466E4,6314
29.37143907,14.66810833,0.73908844,20.828226,5.3989347E4,6314
29.48858727,14.66813724,0.73905484,20.663788,5.39953615E4,6362
36.61657144,14.65008233,0.74226074,20.439365,5.39953615E4,6362
29.53727973,14.66814412,0.73899849,20.307413,5.40003224E4,6383
36.62218397,14.65008623,0.74228475,20.179869,5.40003224E4,6383
36.27539757,14.65025147,0.74255303,20.590769,5.4006269E4,6409
29.87129197,14.66827149,0.7393339,20.764317,5.4006269E4,6409
29.37017519,14.66810888,0.73909652,20.452141,5.40073723E4,6414
36.49399173,14.65011435,0.742248,20.21604,5.40073723E4,6414
36.61409172,14.65008724,0.74227909,20.316401,5.40092959E4,6421
26.05414144,14.65712793,0.73335692,16.78484,5.40092963E4,6421
29.39417069,14.66811116,0.73905766,20.586637,5.40092963E4,6421
25.74100467,14.6575945,0.73326643,12.522895,5.40113605E4,6430
29.56832307,14.66815514,0.73901763,20.831036,5.40113605E4,6430
36.49321163,14.65010666,0.74221293,20.489008,5.40113605E4,6430
29.39679945,14.66810977,0.73903955,20.392069,5.40253595E4,6461
36.55857859,14.65009893,0.74226106,20.298674,5.40253595E4,6461
26.04079258,14.65714542,0.73335342,15.710652,5.402929E4,6474
36.53859318,14.65010084,0.74224446,20.227894,5.402929E4,6474
29.5628207,14.66815551,0.73903355,20.478207,5.402929E4,6474
29.44646079,14.66812643,0.73906326,20.718544,5.4031277E4,6484
36.81953916,14.65002821,0.74227705,20.375774,5.4031277E4,6484
25.7122454,14.65760176,0.73327232,12.512264,5.40362818E4,6504
36.65617502,14.65007612,0.7422829,20.360722,5.40362818E4,6504
29.40836252,14.66810622,0.7389839,20.450657,5.40362818E4,6504
29.38392657,14.66810766,0.73905218,20.724485,5.40392797E4,6513
36.50364472,14.65011361,0.74225682,20.353373,5.40392797E4,6513
36.65616062,14.65007471,0.74227679,20.541595,5.40412504E4,6524
29.3225033,14.66809099,0.73905657,20.553953,5.40412504E4,6524
25.74871098,14.65760889,0.73325903,12.51265,5.40482743E4,6533
29.51341562,14.66813835,0.73900586,20.682278,5.40482743E4,6533
36.53861463,14.65009414,0.74221475,20.405508,5.40482743E4,6533
36.51449344,14.65011678,0.74228409,20.182484,5.40522786E4,6552
29.42927242,14.66812127,0.73906019,20.237289,5.40522786E4,6552
25.88341616,14.65750412,0.7332572,14.196062,5.40552746E4,6564
31.98680132,14.65362511,0.73381011,20.993523,5.40552746E4,6564
29.29250686,14.66808154,0.73904749,20.409319,5.40552746E4,6564
36.55293371,14.65009197,0.74222325,20.306473,5.40552746E4,6564
29.43252073,14.66811961,0.73903826,20.429064,5.40582733E4,6577
36.57868024,14.65009272,0.74225899,20.14633,5.40582733E4,6577
25.84505276,14.65754821,0.73325238,12.506991,5.4060295E4,6584
37.46873611,14.67031411,0.73859898,20.184147,5.4060295E4,6584
29.4511245,14.66812178,0.73901291,20.543484,5.4060295E4,6584
36.50111353,14.65011867,0.74227573,20.402847,5.4060295E4,6584
25.78063119,14.65759662,0.73325398,12.51234,5.40632636E4,6600
36.55940327,14.65008959,0.74222083,20.372255,5.40632636E4,6600
29.4842387,14.66813041,0.73900771,20.768513,5.40632636E4,6600
36.59499168,14.65009347,0.74228253,20.413919,5.43483573E4,6934
29.50654417,14.66813966,0.73903272,20.666376,5.43483573E4,6934
36.20616441,14.65020046,0.74226576,20.172163,5.43593071E4,6963
29.69412075,14.66818503,0.73897431,20.205128,5.43593071E4,6963
36.53526968,14.65010766,0.74227019,20.503387,5.43653463E4,6982
29.40649686,14.66811488,0.73906002,20.72364,5.43653463E4,6982
36.52934794,14.65010966,0.74227154,20.446682,5.43813656E4,7034
29.40586674,14.6681143,0.73905648,20.766085,5.4381366E4,7034
25.73238732,14.65761068,0.73326321,12.516654,5.43843725E4,7047
35.07621732,14.65783641,0.73049982,21.485607,5.43843725E4,7047
36.41289132,14.65013541,0.742239,20.473276,5.43843725E4,7047
29.45079131,14.66812469,0.739038,20.695791,5.43843725E4,7047
25.82544479,14.65760025,0.73323948,12.523512,5.43863581E4,7054
29.54322926,14.66815721,0.73909618,20.571928,5.43863581E4,7054
36.64435612,14.65007555,0.74226576,20.293627,5.43863581E4,7054
41.07183092,14.64886049,0.74246856,21.458652,5.43863581E4,7054
25.7950164,14.65758029,0.73325558,12.509189,5.43933481E4,7080
36.64575374,14.65007013,0.74224364,20.496014,5.43933481E4,7080
29.46865119,14.66812786,0.73902266,20.676754,5.43933485E4,7080
25.75799605,14.65763262,0.73324793,12.512709,5.43962293E4,7095
37.79557427,14.65347074,0.73177808,20.928009,5.43962293E4,7095
36.37307017,14.65015647,0.74228132,20.183542,5.43962293E4,7095
29.6583665,14.66817918,0.73900807,20.316502,5.43962297E4,7095
25.74640805,14.65760125,0.73326242,12.531832,5.44032763E4,7106
30.1202691,14.6595532,0.7316452,21.328833,5.44032763E4,7106
29.4082187,14.66811355,0.7390445,20.674906,5.44032763E4,7106
36.60576122,14.6500847,0.74225762,20.361292,5.44032763E4,7106
25.7586742,14.65759068,0.73326258,12.517833,5.44043336E4,7112
29.64044041,14.66817157,0.73898692,20.773474,5.44043336E4,7112
36.57433225,14.65008379,0.74221389,20.486631,5.44043336E4,7112
25.72334346,14.65759724,0.73327066,12.517933,5.44053316E4,7117
29.43403229,14.66812338,0.73906691,20.667809,5.44053316E4,7117
36.45351074,14.65013036,0.74226757,20.483288,5.44053316E4,7117
36.66578072,14.65007635,0.7422958,20.392071,5.440627E4,7121
29.3134046,14.66808897,0.73906107,20.603985,5.440627E4,7121
25.77908709,14.65757154,0.73326342,12.513452,5.44122731E4,7140
29.44435594,14.66812413,0.73904852,20.719305,5.44122731E4,7140
36.57743238,14.65009092,0.74224951,20.466318,5.44122731E4,7140
25.71119356,14.65762446,0.73326458,12.551734,5.44162688E4,7155
26.27256203,14.65739491,0.73318278,17.207558,5.44162688E4,7155
36.52413378,14.65010436,0.7422418,20.39168,5.44162688E4,7155
29.53533721,14.66814584,0.73901702,20.764229,5.44162688E4,7155
25.7197431,14.65758748,0.73327521,12.514123,5.44212746E4,7170
29.51691257,14.66814504,0.73905375,20.65345,5.44212746E4,7170
36.48323122,14.65011112,0.74222015,20.375982,5.44212746E4,7170
25.71446357,14.65763054,0.73326148,12.52757,5.44232511E4,7177
36.72050225,14.65005638,0.74227682,20.4653,5.44232511E4,7177
29.49119195,14.66813471,0.73902723,20.794313,5.44232511E4,7177
28.38833695,14.65410134,0.73476597,21.346472,5.4433274E4,7202
36.66360327,14.65007398,0.74228282,20.187225,5.4433274E4,7202
29.32770105,14.66809892,0.73911382,20.446018,5.4433274E4,7202
59.9452828,14.65553058,0.72395946,21.388414,5.32723636E4,4858
59.21886176,14.64390558,0.73659343,17.997486,5.32723636E4,4858
57.98468994,14.67418057,0.74764044,20.421654,5.32723636E4,4858
41.69002471,14.65486939,0.75038223,20.068127,5.32723636E4,4858
48.12194907,14.64997778,0.74884615,20.997658,5.32723636E4,4858
52.53711249,14.64986437,0.75050051,21.034986,5.32723636E4,4858
57.4182353,14.65512913,0.75518768,20.999586,5.32723636E4,4858
57.44667927,14.64569639,0.7329233,16.064617,5.32863325E4,4868
53.90035795,14.64752712,0.73171607,19.005236,5.32863325E4,4868
58.01403204,14.67421095,0.74760109,20.943645,5.32863325E4,4868
41.5943259,14.65484845,0.75034217,20.462225,5.32863325E4,4868
52.32390127,14.64986307,0.75041678,21.299593,5.32863325E4,4868
47.98639295,14.65002877,0.74884694,21.483274,5.32863325E4,4868
57.28143548,14.65517341,0.75516193,21.219513,5.32863325E4,4868
57.4470544,14.64569894,0.73291792,15.640256,5.3288291E4,4874
53.897897,14.64752924,0.73171413,18.575068,5.3288291E4,4874
42.55454331,14.65055642,0.73288926,21.311005,5.3288291E4,4874
41.67148095,14.65484017,0.75036199,20.021366,5.3288291E4,4874
59.89451152,14.65551626,0.7239781,21.18387,5.3288291E4,4874
57.9906356,14.67418991,0.74762656,20.435719,5.3288291E4,4874
52.35354972,14.64989642,0.75046058,20.977045,5.3288291E4,4874
48.09875934,14.64998131,0.74884041,21.066538,5.3288291E4,4874
57.20390331,14.65515591,0.75513374,20.916838,5.3288291E4,4874
57.40543718,14.64570982,0.732922,15.608098,5.32943386E4,4895
53.88389974,14.64753624,0.73171062,18.553923,5.32943386E4,4895
42.75104104,14.65055901,0.7327955,21.255756,5.32943386E4,4895
59.96174693,14.65563492,0.72392602,21.297466,5.32943386E4,4895
41.5573444,14.65487719,0.75034497,20.084227,5.32943386E4,4895
57.94993267,14.67417795,0.74762493,20.390179,5.32943386E4,4895
48.0336584,14.6499964,0.74883018,20.867025,5.32943386E4,4895
52.19333044,14.64991965,0.75042113,20.991386,5.32943386E4,4895
57.40150797,14.65516138,0.7551931,20.814989,5.32943386E4,4895
57.42081781,14.64570305,0.73292606,15.655942,5.32962855E4,4899
53.89674993,14.64752788,0.73171674,18.616837,5.32962855E4,4899
42.88826286,14.65048146,0.73283469,21.236532,5.32962855E4,4899
52.36633017,14.64991126,0.75047981,20.888269,5.32962855E4,4899
47.81654704,14.65002193,0.74876791,21.077919,5.32962855E4,4899
57.99988119,14.67418649,0.74763835,20.42709,5.32962855E4,4899
41.54049635,14.65058755,0.74667606,21.461813,5.32962855E4,4899
41.74795284,14.6548439,0.75038756,20.130779,5.32962855E4,4899
57.32764023,14.65518231,0.75517823,20.797106,5.32962855E4,4899
57.44593834,14.64570213,0.73291218,15.869171,5.32983352E4,4905
53.89914076,14.6475287,0.73171432,18.815353,5.32983352E4,4905
42.91994109,14.65056717,0.73270785,21.381104,5.32983352E4,4905
41.6902821,14.65483401,0.75036476,20.24436,5.32983352E4,4905
57.88132204,14.67416396,0.74761071,20.579384,5.32983352E4,4905
52.55851202,14.64986263,0.75050709,21.138567,5.32983352E4,4905
48.18828916,14.64998506,0.74888218,21.241743,5.32983352E4,4905
56.97858415,14.65511717,0.7550555,20.971979,5.32983352E4,4905
57.42178331,14.64570036,0.73293088,15.617761,5.33022865E4,4917
53.87655758,14.64753048,0.73172297,18.539303,5.33022865E4,4917
57.86405249,14.67415278,0.74762135,20.355124,5.33022865E4,4917
52.58557183,14.64980045,0.75045726,20.914629,5.33022865E4,4917
48.13166234,14.64995893,0.74882884,21.254261,5.33022865E4,4917
41.69440532,14.6548399,0.75036897,20.018291,5.33022865E4,4917
57.13871553,14.65510197,0.75509733,20.89687,5.33022865E4,4917
57.45769587,14.64569842,0.73291233,15.630863,5.33122422E4,4927
53.89791627,14.64753186,0.73171018,18.555555,5.33122422E4,4927
57.91246257,14.67417487,0.74760867,20.357569,5.33122422E4,4927
52.43650439,14.64982076,0.75041921,20.871349,5.33122422E4,4927
48.03583719,14.64995471,0.74878365,20.947063,5.33122422E4,4927
42.44121264,14.65064989,0.73281838,21.455229,5.33122422E4,4927
41.57523807,14.65486673,0.75034533,20.017591,5.33122422E4,4927
57.42547014,14.65508993,0.75517716,20.845673,5.33122422E4,4927
57.4499748,14.64569546,0.73292313,15.626945,5.33142435E4,4933
53.90594173,14.64752595,0.73171504,18.581697,5.33142435E4,4933
42.86255057,14.65047918,0.7328496,21.350853,5.33142435E4,4933
41.69438764,14.65485234,0.75037514,20.066565,5.33142435E4,4933
59.95120122,14.65562897,0.72393067,21.310646,5.33142435E4,4933
57.92062881,14.67416638,0.74762925,20.27417,5.33142435E4,4933
47.86652475,14.65000434,0.74876892,20.901985,5.33142435E4,4933
52.53688392,14.64984956,0.75048611,21.048264,5.33142435E4,4933
57.26862766,14.65514834,0.75515019,20.9342,5.33142435E4,4933
57.47418579,14.64569836,0.73290213,15.713648,5.36163475E4,5566
53.93408459,14.64752377,0.7317042,18.701727,5.36163475E4,5566
42.82547035,14.65052956,0.73280003,21.338926,5.36163475E4,5566
52.22021871,14.64988569,0.75039861,21.016823,5.36163475E4,5566
48.32109897,14.64991423,0.74885769,21.107573,5.36163475E4,5566
41.54405549,14.65484747,0.75032608,20.171459,5.36163475E4,5566
56.95964398,14.65521764,0.75508219,21.19416,5.36163475E4,5566
57.87814568,14.6741595,0.74761714,20.573795,5.36163479E4,5566
57.48990292,14.64567984,0.7329297,15.684864,5.36263241E4,5603
53.94729241,14.6475076,0.73172192,18.621269,5.36263241E4,5603
42.690424,14.65048957,0.73291555,21.267836,5.36263241E4,5603
57.8685345,14.67414667,0.74763531,20.48094,5.36263241E4,5603
52.54653542,14.64983144,0.75047228,21.004541,5.36263241E4,5603
48.42132332,14.64990773,0.74889245,21.077837,5.36263241E4,5603
41.67734497,14.65482172,0.7503546,20.091644,5.36263241E4,5603
57.37654456,14.65511942,0.75517239,20.967867,5.36263241E4,5603
57.45866909,14.64568346,0.73294197,15.625161,5.36283091E4,5610
53.89958221,14.64751428,0.73173583,18.575901,5.36283091E4,5610
57.76144942,14.67413232,0.74759923,20.376844,5.36283091E4,5610
47.81153139,14.65003048,0.74877553,21.05304,5.36283091E4,5610
52.32002907,14.64989368,0.75044498,21.080124,5.36283091E4,5610
59.9562034,14.6555502,0.72395086,21.201483,5.36283091E4,5610
41.61546611,14.65483503,0.75034204,20.11698,5.36283091E4,5610
57.30060478,14.65514025,0.75515693,20.877537,5.36283091E4,5610
42.62405642,14.6505898,0.73281329,21.403978,5.36283091E4,5610
57.49374305,14.64567961,0.73292775,15.631323,5.36353174E4,5622
53.95248624,14.64750747,0.7317195,18.569006,5.36353174E4,5622
57.86784098,14.67415325,0.74762271,20.578714,5.36353174E4,5622
52.35594822,14.64987305,0.75043889,21.012747,5.36353174E4,5622
48.11538428,14.6499758,0.74884114,21.175831,5.36353174E4,5622
59.91787865,14.65550333,0.72397498,21.375961,5.36353174E4,5622
41.8267939,14.65484723,0.75041365,20.094265,5.36353174E4,5622
57.31160522,14.65513852,0.75515958,20.749434,5.36353174E4,5622
57.40917837,14.64570757,0.73292422,15.708556,5.36373104E4,5633
53.87711209,14.64753494,0.73171599,18.639759,5.36373104E4,5633
42.45594793,14.65062505,0.73284408,21.234686,5.36373104E4,5633
59.84482264,14.65543348,0.72401585,21.47504,5.36373104E4,5633
52.23272417,14.64987293,0.75039103,21.017464,5.36373104E4,5633
48.26956934,14.64996682,0.74889565,21.218332,5.36373104E4,5633
41.49372236,14.65488908,0.75033114,20.173162,5.36373104E4,5633
57.10720403,14.65518813,0.75511583,21.007437,5.36373104E4,5633
57.89722473,14.67416531,0.74761752,20.470064,5.36373108E4,5633
57.43515071,14.6456952,0.73293295,15.669898,5.36393557E4,5642
53.887424,14.64752242,0.73172966,18.619417,5.36393557E4,5642
48.16941331,14.64995936,0.7488452,21.107361,5.36393557E4,5642
52.45520085,14.6498554,0.75046017,21.176226,5.36393557E4,5642
41.72286708,14.65483336,0.75037454,20.125587,5.36393557E4,5642
57.34257681,14.65516094,0.75517578,20.970896,5.36393557E4,5642
57.86156596,14.67415122,0.7476228,20.402407,5.36393561E4,5642
57.46684415,14.64568707,0.73292952,15.647911,5.36543378E4,5709
53.92736558,14.64751246,0.73172461,18.601559,5.36543378E4,5709
52.5233281,14.6498637,0.75049455,20.978737,5.36543378E4,5709
48.0738838,14.64996574,0.74881227,21.163113,5.36543378E4,5709
42.87234462,14.65048905,0.73283197,21.370941,5.36543378E4,5709
41.72596631,14.65485448,0.75038599,20.10615,5.36543378E4,5709
57.88971656,14.67416005,0.74762289,20.499687,5.36543378E4,5709
57.23791211,14.65513888,0.7551382,20.926039,5.36543378E4,5709
57.49365853,14.64568186,0.73292325,15.639348,5.36632987E4,5744
53.94900899,14.64751047,0.73171673,18.590494,5.36632987E4,5744
43.04638377,14.65045783,0.73279308,21.471201,5.36632987E4,5744
57.89452705,14.67416023,0.74762537,20.454929,5.36632987E4,5744
52.51809527,14.64983985,0.75046944,20.870724,5.36632987E4,5744
47.88654543,14.64995692,0.74872307,21.206367,5.36632987E4,5744
41.69236327,14.65484638,0.75037156,20.055506,5.36632987E4,5744
57.34576636,14.65514475,0.75517154,20.932728,5.36632987E4,5744
57.49560868,14.64568364,0.73291843,15.728176,5.36652766E4,5759
53.95355342,14.64751382,0.7317094,18.67886,5.36652766E4,5759
57.89233992,14.67416334,0.74761832,20.535126,5.36652766E4,5759
52.5583722,14.64987307,0.7505171,21.124256,5.36652766E4,5759
48.32874166,14.64992436,0.74887242,21.224279,5.36652766E4,5759
41.67499807,14.65483758,0.75036179,20.164951,5.36652766E4,5759
57.21688367,14.65515981,0.75513877,21.188644,5.36652766E4,5759
57.46575167,14.64569844,0.73290725,15.6305,5.36663684E4,5765
53.9237082,14.64752835,0.73170251,18.573252,5.36663684E4,5765
52.44351056,14.64978654,0.75038841,20.965668,5.36663684E4,5765
47.9447198,14.64989393,0.74867486,20.994427,5.36663684E4,5765
42.72007742,14.65051603,0.73286646,21.491388,5.36663684E4,5765
57.92819591,14.6741852,0.74759866,20.428385,5.36663688E4,5765
41.68457179,14.65484653,0.75036921,20.043829,5.36663688E4,5765
57.18819571,14.6551677,0.75513292,20.94932,5.36663688E4,5765
57.50088157,14.64568477,0.73291285,15.686792,5.36682882E4,5770
53.96693186,14.64750855,0.73171061,18.653929,5.36682882E4,5770
57.83058671,14.67414813,0.74761039,20.448195,5.36682882E4,5770
48.05925167,14.64993592,0.74877203,20.774992,5.36682882E4,5770
52.28893876,14.64988445,0.75042401,20.822725,5.36682882E4,5770
42.65779761,14.65059027,0.73279726,21.129362,5.36682882E4,5770
41.68038246,14.65487522,0.75038212,20.157782,5.36682882E4,5770
57.65715566,14.65509378,0.75524603,20.904476,5.36682882E4,5770
57.3775415,14.6457163,0.73292638,15.723091,5.36702928E4,5781
53.83160033,14.6475451,0.73172353,18.657919,5.36702928E4,5781
41.74227188,14.65481321,0.75037051,20.250294,5.36702928E4,5781
52.42471952,14.64987237,0.75046483,20.699644,5.36702928E4,5781
47.96933052,14.65002727,0.7488381,20.84156,5.36702928E4,5781
42.69392946,14.65051667,0.73287769,21.233784,5.36702928E4,5781
57.18444721,14.65518296,0.7551367,21.063519,5.36702928E4,5781
59.95002234,14.65560555,0.7239374,21.429382,5.36702928E4,5781
57.98484217,14.67419053,0.74762201,20.66024,5.36702932E4,5781
57.38143528,14.64571216,0.7329323,15.655138,5.36732609E4,5792
53.84766842,14.64753768,0.73172664,18.601847,5.36732609E4,5792
42.70137254,14.65050601,0.73288846,21.391834,5.36732609E4,5792
52.36472632,14.64988345,0.75045236,21.045286,5.36732609E4,5792
48.01456348,14.64999245,0.74881769,21.114874,5.36732609E4,5792
41.71131094,14.65485061,0.75037953,20.078392,5.36732609E4,5792
57.95788445,14.67418098,0.74762397,20.426786,5.36732609E4,5792
57.30338964,14.65516084,0.75516432,20.988594,5.36732609E4,5792
57.43036507,14.6457004,0.73292542,15.631111,5.36752577E4,5800
53.92893494,14.64751746,0.73171628,18.570362,5.36752577E4,5800
43.00066975,14.65047408,0.73279263,21.385155,5.36752577E4,5800
41.7265584,14.654825,0.75037152,19.998249,5.36752577E4,5800
57.86941968,14.67415489,0.74762058,20.433973,5.36752577E4,5800
52.48688624,14.64986917,0.75048575,20.967529,5.36752577E4,5800
48.09337944,14.64998738,0.74884502,20.978327,5.36752577E4,5800
57.26433401,14.65517248,0.75515665,21.020615,5.36752577E4,5800
57.43673509,14.64569849,0.73292531,15.656763,5.36772789E4,5813
53.89075402,14.64752736,0.73172054,18.602196,5.36772789E4,5813
57.91831772,14.6741684,0.74762415,20.401684,5.36772789E4,5813
41.6451733,14.65485192,0.75035967,20.06282,5.36772789E4,5813
48.16194928,14.64997967,0.74886506,21.079941,5.36772789E4,5813
52.40496226,14.64984247,0.75042815,21.068487,5.36772789E4,5813
57.27469762,14.65514949,0.75515233,20.997215,5.36772789E4,5813
57.47437229,14.64568284,0.73293337,15.675813,5.36802654E4,5823
53.92696372,14.64750982,0.73172879,18.647625,5.36802654E4,5823
41.73326193,14.65482203,0.75037212,20.091553,5.36802654E4,5823
57.31666217,14.65515746,0.75516712,20.963516,5.36802654E4,5823
48.13507381,14.64995143,0.74882174,20.992033,5.36802654E4,5823
52.44782454,14.64986242,0.75046413,21.199265,5.36802654E4,5823
57.88201934,14.67415269,0.74763204,20.438585,5.36802658E4,5823
57.39343365,14.64571853,0.73291195,15.598804,5.36932672E4,5878
53.94035981,14.64751933,0.73170772,18.606379,5.36932676E4,5878
57.97025425,14.67419292,0.74760898,20.449636,5.36932676E4,5878
41.85176199,14.65478341,0.7503896,20.032394,5.36932676E4,5878
59.81981619,14.65560815,0.72397418,21.277639,5.36932676E4,5878
52.43900146,14.64977978,0.75038,20.911312,5.36932676E4,5878
48.34710059,14.64999206,0.74895635,21.054089,5.36932676E4,5878
42.83901664,14.65049696,0.73283685,21.14921,5.36932676E4,5878
57.15796619,14.65516534,0.75512336,20.81642,5.36932676E4,5878
57.50586176,14.64568091,0.73291752,15.663509,5.36982646E4,5898
53.9829815,14.64750589,0.73170657,18.60733,5.36982646E4,5898
59.89704703,14.65547077,0.72399017,21.256413,5.3698265E4,5898
48.40862331,14.6498943,0.74887185,21.010328,5.3698265E4,5898
52.43906386,14.64989705,0.75049418,21.218204,5.3698265E4,5898
42.79254786,14.65051055,0.73284028,21.250628,5.3698265E4,5898
41.7645045,14.65482723,0.75038441,20.065653,5.3698265E4,5898
57.95410834,14.67417082,0.74764061,20.450993,5.3698265E4,5898
57.32243556,14.6551274,0.75515917,20.958899,5.3698265E4,5898
57.39945007,14.64571881,0.73290763,15.648865,5.37042509E4,5918
53.87835725,14.64754383,0.731702,18.577641,5.37042509E4,5918
42.78790463,14.65047627,0.73288808,21.332275,5.37042509E4,5918
59.96999574,14.65561301,0.72392961,21.301584,5.37042509E4,5918
41.52247921,14.65484474,0.75031801,20.082933,5.37042509E4,5918
57.94336289,14.67418946,0.74759962,20.408701,5.37042509E4,5918
52.37049105,14.64987089,0.75044242,20.842182,5.37042509E4,5918
47.77220283,14.64999823,0.74872215,20.963003,5.37042509E4,5918
57.27688597,14.65516967,0.75515941,21.001242,5.37042509E4,5918
57.41426392,14.64569471,0.73294705,15.647085,5.39893466E4,6314
53.86786372,14.64751784,0.73174642,18.594847,5.39893466E4,6314
48.29827076,14.64993783,0.7488749,20.928688,5.39893466E4,6314
52.58158419,14.64983791,0.75049211,20.999269,5.39893466E4,6314
59.87010382,14.65550525,0.72398823,21.283583,5.39893466E4,6314
41.69871227,14.65483759,0.75036916,20.068853,5.39893466E4,6314
57.7551787,14.65511336,0.7552809,21.077797,5.39893466E4,6314
42.81285314,14.6504905,0.73285752,21.368616,5.39893466E4,6314
57.89119864,14.67415478,0.74763353,20.473961,5.3989347E4,6314
57.40261575,14.64570109,0.73294142,15.599582,5.39953615E4,6362
53.87427818,14.64752363,0.73173444,18.557928,5.39953615E4,6362
52.46728455,14.64984525,0.75045501,20.914164,5.39953615E4,6362
48.05008626,14.6499729,0.7488104,20.998892,5.39953615E4,6362
42.66891944,14.65052562,0.73287735,21.254454,5.39953615E4,6362
41.64917188,14.65485543,0.75036265,20.032734,5.39953615E4,6362
57.27007696,14.6551569,0.75515335,20.998741,5.39953615E4,6362
57.94310479,14.67416587,0.74764335,20.431479,5.39953615E4,6362
57.3304975,14.64572662,0.732935,15.635088,5.4000322E4,6383
53.78734791,14.64755748,0.73172711,18.578976,5.4000322E4,6383
52.34388113,14.64994681,0.75050529,20.849327,5.4000322E4,6383
57.9977958,14.67418721,0.74763578,20.56472,5.40003224E4,6383
47.8587358,14.65006352,0.74883266,20.843679,5.40003224E4,6383
42.71071157,14.65049689,0.73289632,21.057661,5.40003224E4,6383
41.54064344,14.65485761,0.75033007,20.063532,5.40003224E4,6383
57.45493163,14.65517214,0.7552121,20.783472,5.40003224E4,6383
56.4226094,14.64586506,0.73322668,15.66108,5.4006269E4,6409
52.80721883,14.64769026,0.73202095,18.594526,5.4006269E4,6409
42.41495533,14.65500457,0.7506707,20.071894,5.4006269E4,6409
58.93863285,14.67432551,0.74792791,20.471899,5.4006269E4,6409
48.21410212,14.65015931,0.7490854,21.063835,5.4006269E4,6409
52.82042389,14.65002598,0.75076166,21.187164,5.4006269E4,6409
58.23172438,14.65532926,0.75548658,21.032272,5.4006269E4,6409
57.38701574,14.64570238,0.7329486,15.655554,5.40073723E4,6414
53.85840488,14.64752291,0.73174351,18.595232,5.40073723E4,6414
42.57256821,14.65054331,0.73289836,21.274218,5.40073723E4,6414
59.60307273,14.65559882,0.72403919,20.992012,5.40073723E4,6414
57.95646463,14.67416803,0.74764717,20.467819,5.40073723E4,6414
52.44414325,14.64980366,0.75040546,20.909941,5.40073723E4,6414
48.08373864,14.64996313,0.74881345,21.145,5.40073723E4,6414
41.52681961,14.65489229,0.75034298,20.126141,5.40073723E4,6414
57.35942341,14.65514733,0.75517635,20.9533,5.40073723E4,6414
57.37736027,14.64571065,0.73293791,15.647134,5.40092959E4,6421
53.81901641,14.64754071,0.73173646,18.572351,5.40092959E4,6421
48.18319306,14.64997498,0.74886867,20.902248,5.40092959E4,6421
52.28557787,14.6499417,0.75047796,20.92568,5.40092959E4,6421
57.94570983,14.67417154,0.74763436,20.403135,5.40092963E4,6421
41.7493666,14.6548342,0.75038318,20.094753,5.40092963E4,6421
57.49516844,14.65512775,0.75520968,20.968988,5.40092963E4,6421
57.42726388,14.64570389,0.73292032,15.666322,5.40113605E4,6430
53.8988652,14.64752922,0.73171366,18.60253,5.40113605E4,6430
41.65614594,14.65483225,0.75035328,20.034168,5.40113605E4,6430
52.3789938,14.64988569,0.75046004,21.052452,5.40113605E4,6430
48.22074571,14.64993522,0.74883934,21.223642,5.40113605E4,6430
57.22125137,14.65514155,0.75513419,20.937748,5.40113605E4,6430
57.93449818,14.67417323,0.74762466,20.446291,5.40113609E4,6430
57.44957861,14.64570018,0.73291384,15.625128,5.40253595E4,6461
53.94856651,14.64751829,0.73170518,18.573298,5.40253595E4,6461
42.84365088,14.65048192,0.7328547,20.973011,5.40253595E4,6461
52.44196814,14.64982708,0.75042751,20.821417,5.40253595E4,6461
48.13471762,14.64997665,0.74885023,20.884722,5.40253595E4,6461
41.33335933,14.65055294,0.7465263,21.468414,5.40253595E4,6461
41.58404772,14.65488459,0.75035691,20.081982,5.40253595E4,6461
57.10493437,14.65511076,0.75509032,20.901642,5.40253595E4,6461
57.9153764,14.67417841,0.74760379,20.533567,5.40253599E4,6461
57.36848346,14.64572007,0.73292445,15.63239,5.402929E4,6474
53.85550671,14.64754477,0.73171204,18.565632,5.402929E4,6474
42.76113466,14.65053348,0.73282442,21.25922,5.402929E4,6474
41.69562908,14.6548529,0.7503758,20.13195,5.402929E4,6474
57.96019695,14.67418394,0.74761981,20.418873,5.402929E4,6474
48.08741651,14.65000646,0.74886408,20.796635,5.402929E4,6474
52.35322469,14.64991097,0.75047449,20.913685,5.402929E4,6474
41.46086389,14.65059644,0.74665035,21.456963,5.402929E4,6474
57.25135503,14.65519596,0.75516033,20.927856,5.402929E4,6474
57.45485935,14.64569098,0.73292913,15.636516,5.4031277E4,6484
53.92644075,14.64751565,0.73172025,18.585144,5.4031277E4,6484
42.58141463,14.65055297,0.73288143,21.418665,5.4031277E4,6484
52.44537464,14.64983119,0.75043284,21.031633,5.4031277E4,6484
48.10116432,14.64997876,0.74883854,21.113832,5.4031277E4,6484
41.77534615,14.65481883,0.75038359,20.061434,5.4031277E4,6484
59.94866029,14.65554764,0.72395374,21.358725,5.4031277E4,6484
57.89751925,14.67416416,0.74761982,20.372114,5.4031277E4,6484
57.24829087,14.65515232,0.75514554,20.931259,5.4031277E4,6484
57.41836583,14.64570244,0.73292883,15.67638,5.40362818E4,6504
53.88989184,14.64752582,0.7317233,18.614185,5.40362818E4,6504
41.6512006,14.65487526,0.7503731,20.057848,5.40362818E4,6504
57.93013046,14.67417382,0.74762099,20.44276,5.40362818E4,6504
52.61019786,14.6498039,0.75047017,20.857353,5.40362818E4,6504
47.96753996,14.65003836,0.74884985,21.041023,5.40362818E4,6504
43.1013673,14.65043713,0.73279516,21.307472,5.40362818E4,6504
57.17301427,14.65519884,0.75513841,20.929176,5.40362818E4,6504
57.36414442,14.64571769,0.73293197,15.661409,5.40392797E4,6513
53.83971736,14.64754015,0.73172692,18.596127,5.40392797E4,6513
42.98633071,14.65043281,0.73285416,21.332148,5.40392797E4,6513
57.99282283,14.67418077,0.74764482,20.466108,5.40392797E4,6513
48.17629861,14.64994202,0.74882838,20.914158,5.40392797E4,6513
52.33001027,14.64990152,0.75045641,21.045389,5.40392797E4,6513
41.61893294,14.65484769,0.75034943,20.035297,5.40392797E4,6513
57.48332069,14.65510616,0.75519929,21.016497,5.40392797E4,6513
59.98104621,14.6555808,0.72393525,21.270319,5.40392797E4,6513
57.43422481,14.64569174,0.73294054,15.654889,5.40412504E4,6524
53.88835779,14.6475184,0.73173525,18.622442,5.40412504E4,6524
46.65037868,14.65027754,0.731432,20.287464,5.40412504E4,6524
41.69396327,14.65481716,0.75035749,20.052725,5.40412504E4,6524
58.00893027,14.67419314,0.74763129,20.49074,5.40412504E4,6524
52.34581315,14.64991651,0.75047696,20.969448,5.40412504E4,6524
47.65549411,14.64999402,0.74866789,21.159349,5.40412504E4,6524
57.31074016,14.65510948,0.75514999,20.924217,5.40412504E4,6524
57.42789375,14.64570927,0.73290908,15.667024,5.40482743E4,6533
53.91040418,14.64753632,0.73169721,18.611341,5.40482743E4,6533
42.84913864,14.6504832,0.73285046,21.345215,5.40482743E4,6533
58.00288294,14.67419135,0.74763107,20.3806,5.40482743E4,6533
52.88118782,14.64966324,0.75043755,20.888435,5.40482743E4,6533
48.3484957,14.64989522,0.74884755,21.013128,5.40482743E4,6533
41.4439818,14.65490287,0.75032254,20.077198,5.40482743E4,6533
57.1305072,14.65518965,0.7551231,20.959602,5.40482743E4,6533
57.36405864,14.64571095,0.73294566,15.637353,5.40522786E4,6552
53.82384596,14.64753976,0.73173547,18.590202,5.40522786E4,6552
57.96899896,14.67415163,0.74768477,20.398603,5.40522786E4,6552
52.05754585,14.64998751,0.75043412,20.67259,5.40522786E4,6552
48.40671346,14.64999792,0.74898769,20.661108,5.40522786E4,6552
42.69388781,14.65067335,0.73267377,20.92507,5.40522786E4,6552
41.4927622,14.65484122,0.75030702,20.041666,5.40522786E4,6552
57.42692518,14.65511097,0.75518438,20.758856,5.40522786E4,6552
57.43880614,14.64569902,0.73292293,15.692097,5.40552746E4,6564
53.91651006,14.64752217,0.73171542,18.673771,5.40552746E4,6564
42.80616419,14.65056623,0.73276086,21.261894,5.40552746E4,6564
41.67054165,14.65483721,0.75036022,20.096855,5.40552746E4,6564
59.55717449,14.65563888,0.72404142,21.163366,5.40552746E4,6564
57.90817846,14.67416559,0.74762342,20.401192,5.40552746E4,6564
52.26208851,14.64990625,0.75043475,20.840866,5.40552746E4,6564
48.43915836,14.6498882,0.74887775,20.924889,5.40552746E4,6564
57.36121524,14.65516299,0.75518187,20.709625,5.40552746E4,6564
57.33308329,14.64572624,0.73293414,15.627834,5.40582733E4,6577
53.82393144,14.64754605,0.73172596,18.572914,5.40582733E4,6577
42.65964969,14.65051418,0.73289689,20.986572,5.40582733E4,6577
41.3853688,14.6505938,0.7466102,21.362417,5.40582733E4,6577
57.97562073,14.67417586,0.74764385,20.336483,5.40582733E4,6577
48.61346768,14.64993575,0.74900439,20.839418,5.40582733E4,6577
52.29379302,14.64990017,0.75044111,20.834351,5.40582733E4,6577
41.73383946,14.65486632,0.75039429,20.063219,5.40582733E4,6577
57.0972848,14.65516658,0.75510606,20.811405,5.40582733E4,6577
57.38289796,14.64571167,0.73293239,15.660024,5.4060295E4,6584
53.86370266,14.64753556,0.73172178,18.604977,5.4060295E4,6584
41.63792097,14.65490981,0.75038599,20.081888,5.4060295E4,6584
57.99556081,14.67418722,0.74763445,20.460087,5.4060295E4,6584
52.67285676,14.64986328,0.75055181,20.806084,5.4060295E4,6584
47.96841313,14.65003479,0.7488462,21.017731,5.4060295E4,6584
57.43843836,14.65513717,0.75519614,20.859865,5.4060295E4,6584
57.44397191,14.64570456,0.73290852,15.654505,5.40632636E4,6600
53.9237977,14.64753046,0.7316993,18.597578,5.40632636E4,6600
42.82093476,14.65046337,0.73289002,21.438513,5.40632636E4,6600
57.90511028,14.67417077,0.74761198,20.400986,5.40632636E4,6600
41.56571237,14.65484256,0.75033035,20.065329,5.40632636E4,6600
52.46835128,14.6498469,0.75045702,21.018578,5.40632636E4,6600
48.0019683,14.64997648,0.74879423,21.079735,5.40632636E4,6600
57.27766146,14.65512762,0.75514618,21.186131,5.40632636E4,6600
57.34983908,14.64570781,0.73296096,15.654776,5.43483573E4,6934
53.80657018,14.64753421,0.73175254,18.582115,5.43483573E4,6934
41.78652141,14.65484614,0.75040063,20.048876,5.43483573E4,6934
57.89787131,14.67415117,0.74764413,20.437551,5.43483573E4,6934
52.49479398,14.64986283,0.75048268,20.930889,5.43483573E4,6934
48.24910215,14.64996237,0.74888205,21.198568,5.43483573E4,6934
42.77702615,14.65049031,0.73287436,21.318398,5.43483573E4,6934
57.29614077,14.65515843,0.75516144,20.886711,5.43483573E4,6934
59.99628169,14.65554687,0.72394023,21.265209,5.43483573E4,6934
57.2937256,14.64573456,0.73294197,15.604026,5.43593071E4,6963
53.78496518,14.64755877,0.73172637,18.518684,5.43593071E4,6963
56.87445534,14.6552228,0.755059,20.847919,5.43593071E4,6963
52.56647701,14.64993746,0.75058183,20.690454,5.43593071E4,6963
48.06655567,14.64998714,0.7488335,20.782116,5.43593071E4,6963
41.72559577,14.65487781,0.7503974,20.041759,5.43593071E4,6963
58.06789561,14.67422285,0.74761056,20.433727,5.43593075E4,6963
57.35463627,14.64571991,0.73293344,15.645011,5.43653463E4,6982
53.84367724,14.64753875,0.73172703,18.576931,5.43653463E4,6982
42.83936754,14.65047993,0.73285934,21.466078,5.43653463E4,6982
57.95534569,14.67418052,0.74762332,20.378983,5.43653463E4,6982
41.74207201,14.65485818,0.75039282,20.014549,5.43653463E4,6982
52.36552866,14.64989826,0.75046698,21.028223,5.43653463E4,6982
48.13013784,14.6500007,0.74887547,21.079597,5.43653463E4,6982
59.78923561,14.65554338,0.72400089,21.407146,5.43653463E4,6982
57.24948199,14.65514185,0.75514253,20.875772,5.43653463E4,6982
57.34491877,14.64571813,0.73294311,15.64295,5.43813656E4,7034
53.83588979,14.64753865,0.73173109,18.598494,5.43813656E4,7034
52.32254714,14.64992086,0.75047218,21.030273,5.43813656E4,7034
48.11259076,14.64995909,0.74882099,21.087734,5.43813656E4,7034
42.74286122,14.65052067,0.73284978,21.434093,5.43813656E4,7034
41.69441059,14.65483306,0.75036556,20.067272,5.4381366E4,7034
57.91647518,14.67415966,0.74763929,20.379162,5.4381366E4,7034
57.1837594,14.65513852,0.75512228,21.039478,5.4381366E4,7034
57.38507668,14.64572256,0.73290905,15.651676,5.43843725E4,7047
53.88582129,14.64754167,0.7317015,18.592951,5.43843725E4,7047
47.9080423,14.64999603,0.74877694,20.959295,5.43843725E4,7047
52.32743874,14.64991101,0.75046458,20.986212,5.43843725E4,7047
42.82724075,14.65055353,0.73276781,21.251225,5.43843725E4,7047
41.56529314,14.65485124,0.75033455,20.019329,5.43843725E4,7047
59.92847633,14.65558221,0.72395001,21.403303,5.43843725E4,7047
58.00539185,14.67420388,0.74760921,20.480621,5.43843725E4,7047
57.30506194,14.65515318,0.75516237,20.930174,5.43843725E4,7047
57.31773259,14.64572431,0.73294766,15.64435,5.43863581E4,7054
53.80505126,14.64754207,0.73174143,18.582336,5.43863581E4,7054
57.98178112,14.67417548,0.74764816,20.423992,5.43863581E4,7054
47.73050553,14.65008459,0.74880274,20.884586,5.43863581E4,7054
52.2977779,14.64989561,0.75043825,20.892134,5.43863581E4,7054
42.78866146,14.65048691,0.73287351,21.329266,5.43863581E4,7054
41.54133295,14.65487706,0.75033994,20.059252,5.43863581E4,7054
56.97995097,14.65515948,0.75506955,21.301714,5.43863581E4,7054
57.48829849,14.64568683,0.73291657,15.641769,5.43933481E4,7080
53.97521779,14.64750876,0.73170614,18.581316,5.43933481E4,7080
41.65703918,14.65481648,0.75034567,20.037279,5.43933481E4,7080
52.34516028,14.64986046,0.75042248,21.004835,5.43933481E4,7080
48.19908725,14.64992459,0.7488181,21.085041,5.43933481E4,7080
42.7520014,14.65054839,0.73280898,21.404116,5.43933481E4,7080
57.23734079,14.65510278,0.75512639,20.97793,5.43933481E4,7080
57.88816801,14.6741595,0.74762301,20.332607,5.43933485E4,7080
57.38536803,14.64572293,0.73290812,15.643551,5.43962293E4,7095
53.83350529,14.6475723,0.73168181,18.68572,5.43962293E4,7095
48.50919381,14.64979963,0.74880565,20.689129,5.43962293E4,7095
52.37935555,14.64986348,0.75043866,20.802792,5.43962293E4,7095
41.42216735,14.65489193,0.75031037,20.248972,5.43962293E4,7095
57.03578411,14.655196,0.75509751,20.811157,5.43962293E4,7095
57.97551447,14.67422447,0.74755296,20.308363,5.43962297E4,7095
57.3589071,14.6457186,0.73293341,15.666292,5.44032763E4,7106
53.85012265,14.64753832,0.73172444,18.62063,5.44032763E4,7106
57.96446964,14.67417454,0.74763979,20.579588,5.44032763E4,7106
48.10943567,14.64997416,0.74883678,20.92613,5.44032763E4,7106
52.9885018,14.64981481,0.75062682,21.096102,5.44032763E4,7106
42.74597098,14.65044643,0.73294781,21.218918,5.44032763E4,7106
41.6359126,14.6548623,0.75036195,20.151117,5.44032763E4,7106
57.3820996,14.65512883,0.75517704,20.931166,5.44032763E4,7106
57.44057905,14.64569992,0.73291999,15.642697,5.44043336E4,7112
53.93328507,14.64751666,0.73171529,18.57386,5.44043336E4,7112
42.92145569,14.65045901,0.73284923,21.42065,5.44043336E4,7112
57.90651945,14.67416539,0.74762282,20.397696,5.44043336E4,7112
52.21168095,14.64994199,0.75044977,21.043077,5.44043336E4,7112
47.93760317,14.64996619,0.74875531,21.212111,5.44043336E4,7112
41.67247197,14.6548463,0.75036535,20.071745,5.44043336E4,7112
56.89718243,14.65517263,0.75504963,20.980841,5.44043336E4,7112
57.34817703,14.64571739,0.73294258,15.659649,5.44053316E4,7117
53.83397168,14.6475374,0.73173393,18.608782,5.44053316E4,7117
42.82393624,14.65048363,0.73286154,21.317703,5.44053316E4,7117
57.92768119,14.67417798,0.74761182,20.470686,5.44053316E4,7117
47.90256263,14.65000824,0.74878853,21.136486,5.44053316E4,7117
52.32782038,14.64991158,0.75046527,21.153482,5.44053316E4,7117
41.74282266,14.65485727,0.7503926,20.037354,5.44053316E4,7117
57.39389248,14.6551883,0.75519943,20.946053,5.44053316E4,7117
57.35471419,14.64570839,0.7329567,15.649281,5.440627E4,7121
53.81914628,14.64753329,0.73174759,18.606276,5.440627E4,7121
59.6078702,14.65554906,0.72405161,21.272173,5.440627E4,7121
42.54670212,14.65060437,0.73282962,21.422207,5.440627E4,7121
52.40664794,14.64987954,0.75046477,20.840508,5.440627E4,7121
48.05328552,14.64996965,0.74880806,20.994589,5.440627E4,7121
41.74569551,14.65484712,0.75038846,20.093615,5.440627E4,7121
57.98734438,14.67417148,0.74765882,20.410805,5.440627E4,7121
57.33297799,14.65514186,0.75516689,20.95627,5.440627E4,7121
57.36496136,14.64571319,0.73294055,15.650422,5.44122731E4,7140
53.87452207,14.64752928,0.7317258,18.613493,5.44122731E4,7140
42.77783132,14.65052506,0.73282785,21.48245,5.44122731E4,7140
59.67409188,14.65552,0.72404064,21.278347,5.44122731E4,7140
57.99297953,14.67418847,0.74763061,20.469353,5.44122731E4,7140
52.37503578,14.64989039,0.75046305,21.01552,5.44122731E4,7140
48.09230588,14.64995319,0.74880573,21.068592,5.44122731E4,7140
41.61541187,14.65486631,0.75035758,20.096169,5.44122731E4,7140
57.29039896,14.65516093,0.75516056,21.089626,5.44122731E4,7140
57.37628013,14.6457256,0.73290844,15.654514,5.44162688E4,7155
53.87832407,14.64754622,0.73169843,18.573751,5.44162688E4,7155
57.91541698,14.67418366,0.74759401,20.467867,5.44162688E4,7155
52.36137928,14.64989639,0.75046358,21.025894,5.44162688E4,7155
48.19278687,14.64995964,0.74885533,21.122503,5.44162688E4,7155
42.67656717,14.65054312,0.73285061,21.470272,5.44162688E4,7155
41.60409744,14.65485585,0.75034888,20.129339,5.44162688E4,7155
57.42080697,14.65513397,0.75518998,20.981318,5.44162688E4,7155
57.35218177,14.64571899,0.73293684,15.641488,5.44212746E4,7170
53.86819223,14.64752797,0.73173096,18.571796,5.44212746E4,7170
41.66474975,14.65485759,0.75036856,20.058046,5.44212746E4,7170
59.68351133,14.65560838,0.72401338,21.219316,5.44212746E4,7170
58.05177739,14.67421129,0.74762265,20.426373,5.44212746E4,7170
52.57634719,14.64982905,0.7504815,20.978289,5.44212746E4,7170
48.08162876,14.64998463,0.74883698,20.997906,5.44212746E4,7170
42.84584572,14.65048834,0.73284514,21.060749,5.44212746E4,7170
57.44941051,14.65515685,0.75520563,20.869005,5.44212746E4,7170
57.34095843,14.64573124,0.73291914,15.763373,5.44232511E4,7177
53.85036156,14.64755004,0.7317067,18.672567,5.44232511E4,7177
57.96736124,14.67419305,0.74760704,20.605236,5.44232511E4,7177
52.2431047,14.64994111,0.75046103,20.83868,5.44232511E4,7177
47.98659674,14.64996942,0.74877969,21.229218,5.44232511E4,7177
42.74931329,14.65050932,0.73286187,21.244514,5.44232511E4,7177
41.60614697,14.65484627,0.75034475,20.185352,5.44232511E4,7177
57.18534001,14.65511014,0.75511359,21.16148,5.44232511E4,7177
57.39730781,14.64569435,0.73295843,15.596908,5.44312786E4,7195
54.08088913,14.64745522,0.73173386,18.412472,5.44312786E4,7195
57.4122012,14.64570494,0.73292762,15.650817,5.44322666E4,7199
53.69554813,14.64749052,0.73187541,18.614834,5.44322666E4,7199
57.90727573,14.67415896,0.74763519,20.440184,5.44322666E4,7199
48.02747637,14.65001479,0.74884838,20.812908,5.44322666E4,7199
52.43297954,14.64986976,0.75046549,20.918697,5.44322666E4,7199
41.62266751,14.65485383,0.75035364,20.162956,5.44322666E4,7199
57.42175573,14.65513368,0.75519016,20.779226,5.44322666E4,7199
57.40254291,14.64569932,0.73294506,15.642713,5.4433274E4,7202
53.78881498,14.64754699,0.73174218,18.642879,5.4433274E4,7202
57.90097652,14.67415737,0.74763446,20.554829,5.4433274E4,7202
42.28540326,14.65472487,0.750495,20.049391,5.4433274E4,7202
52.46381636,14.64993995,0.75054481,20.621281,5.4433274E4,7202
42.9038368,14.6504174,0.7329133,20.96553,5.4433274E4,7202
44.90806483,14.65357569,0.72930667,21.210405,5.4433274E4,7202
57.43595525,14.65510518,0.75518515,21.039528,5.4433274E4,7202
